{"cameraMode":{"drawMode":0,"name":"Shaded","section":"Shading Mode"},"sceneLighting":true,"audioPlay":false,"sceneViewState":{"m_AlwaysRefresh":false,"showFog":true,"showSkybox":true,"showFlares":true,"showImageEffects":true,"showParticleSystems":true,"showVisualEffectGraphs":true,"m_FxEnabled":true},"in2DMode":false,"pivot":{"x":-44.769432067871097,"y":29.83517837524414,"z":23.265560150146486},"rotation":{"x":0.20929360389709474,"y":-0.2617742121219635,"z":0.05828455835580826,"w":0.9403812885284424},"size":21.409385681152345,"orthographic":false}