{"cameraMode":{"drawMode":0,"name":"Shaded","section":"Shading Mode"},"sceneLighting":true,"audioPlay":false,"sceneViewState":{"m_AlwaysRefresh":false,"showFog":true,"showSkybox":true,"showFlares":true,"showImageEffects":true,"showParticleSystems":true,"showVisualEffectGraphs":true,"m_FxEnabled":true},"in2DMode":false,"pivot":{"x":24.009370803833009,"y":17.243244171142579,"z":-15.268722534179688},"rotation":{"x":-0.03651348501443863,"y":0.8942177891731262,"z":-0.07421963661909104,"w":-0.4399240016937256},"size":56.421749114990237,"orthographic":false}